{
    "accuracy": 0.9700272479564033,
    "precision": 0.984251968503937,
    "recall": 0.8012820512820513,
    "auc": 0.9778897028897029
}